Kennziffer;Raumeinheit;Aggregat;Arbeitslosenquote;Arbeitslosenquote;Arbeitslosenquote;Arbeitslosenquote;Arbeitslosenquote;Arbeitslosenquote;Arbeitslosenquote;Arbeitslosenquote;Arbeitslosenquote;Arbeitslosenquote;Arbeitslosenquote;Arbeitslosenquote;Arbeitslosenquote;Arbeitslosenquote;Arbeitslosenquote;Arbeitslosenquote;Arbeitslosenquote;Arbeitslosenquote;Arbeitslosenquote;Arbeitslosenquote;Arbeitslosenquote;Arbeitslosenquote;Arbeitslosenquote;Arbeitslosenquote;Arbeitslosenquote;Arbeitslosenquote;Arbeitslose mit Anforderungsniveau Helfer;Arbeitslose mit Anforderungsniveau Helfer;Arbeitslose mit Anforderungsniveau Helfer;Arbeitslose mit Anforderungsniveau Helfer;Arbeitslose mit Anforderungsniveau Helfer;Arbeitslose mit Anforderungsniveau Helfer;Arbeitslose mit Anforderungsniveau Helfer;Arbeitslose mit Anforderungsniveau Helfer;Arbeitslose mit Anforderungsniveau Helfer;Arbeitslose mit Anforderungsniveau Helfer;Arbeitslose mit Anforderungsniveau Helfer;Arbeitslose mit Anforderungsniveau Helfer;Arbeitslose mit Anforderungsniveau Helfer;Arbeitslose mit Anforderungsniveau Helfer;Arbeitslose mit Anforderungsniveau Experte;Arbeitslose mit Anforderungsniveau Experte;Arbeitslose mit Anforderungsniveau Experte;Arbeitslose mit Anforderungsniveau Experte;Arbeitslose mit Anforderungsniveau Experte;Arbeitslose mit Anforderungsniveau Experte;Arbeitslose mit Anforderungsniveau Experte;Arbeitslose mit Anforderungsniveau Experte;Arbeitslose mit Anforderungsniveau Experte;Arbeitslose mit Anforderungsniveau Experte;Arbeitslose mit Anforderungsniveau Experte;Arbeitslose mit Anforderungsniveau Experte;Arbeitslose mit Anforderungsniveau Experte;Arbeitslose mit Anforderungsniveau Experte;Arbeitslose mit Anforderungsniveau Spezialist;Arbeitslose mit Anforderungsniveau Spezialist;Arbeitslose mit Anforderungsniveau Spezialist;Arbeitslose mit Anforderungsniveau Spezialist;Arbeitslose mit Anforderungsniveau Spezialist;Arbeitslose mit Anforderungsniveau Spezialist;Arbeitslose mit Anforderungsniveau Spezialist;Arbeitslose mit Anforderungsniveau Spezialist;Arbeitslose mit Anforderungsniveau Spezialist;Arbeitslose mit Anforderungsniveau Spezialist;Arbeitslose mit Anforderungsniveau Spezialist;Arbeitslose mit Anforderungsniveau Spezialist;Arbeitslose mit Anforderungsniveau Spezialist;Arbeitslose mit Anforderungsniveau Spezialist;Offene Stellen mit Anforderungsniveau Experte;Offene Stellen mit Anforderungsniveau Experte;Offene Stellen mit Anforderungsniveau Experte;Offene Stellen mit Anforderungsniveau Experte;Offene Stellen mit Anforderungsniveau Experte;Offene Stellen mit Anforderungsniveau Experte;Arbeitslose ohne Ausbildung;Arbeitslose ohne Ausbildung;Arbeitslose ohne Ausbildung;Arbeitslose ohne Ausbildung;Arbeitslose ohne Ausbildung;Arbeitslose ohne Ausbildung;Arbeitslose ohne Ausbildung;Arbeitslose ohne Ausbildung;Arbeitslose ohne Ausbildung;Arbeitslose ohne Ausbildung;Arbeitslose ohne Ausbildung;Arbeitslose ohne Ausbildung;Arbeitslose ohne Ausbildung;Arbeitslose ohne Ausbildung;Arbeitslose ohne Ausbildung;Arbeitslose mit Anforderungsniveau Fachkraft;Arbeitslose mit Anforderungsniveau Fachkraft;Arbeitslose mit Anforderungsniveau Fachkraft;Arbeitslose mit Anforderungsniveau Fachkraft;Arbeitslose mit Anforderungsniveau Fachkraft;Arbeitslose mit Anforderungsniveau Fachkraft;Arbeitslose mit Anforderungsniveau Fachkraft;Arbeitslose mit Anforderungsniveau Fachkraft;Arbeitslose mit Anforderungsniveau Fachkraft;Arbeitslose mit Anforderungsniveau Fachkraft;Arbeitslose mit Anforderungsniveau Fachkraft;Arbeitslose mit Anforderungsniveau Fachkraft;Arbeitslose mit Anforderungsniveau Fachkraft;Arbeitslose mit Anforderungsniveau Fachkraft
;;;1998;1999;2000;2001;2002;2003;2004;2005;2006;2007;2008;2009;2010;2011;2012;2013;2014;2015;2016;2017;2018;2019;2020;2021;2022;2023;2010;2011;2012;2013;2014;2015;2016;2017;2018;2019;2020;2021;2022;2023;2010;2011;2012;2013;2014;2015;2016;2017;2018;2019;2020;2021;2022;2023;2010;2011;2012;2013;2014;2015;2016;2017;2018;2019;2020;2021;2022;2023;2008;2009;2010;2011;2012;2013;2009;2010;2011;2012;2013;2014;2015;2016;2017;2018;2019;2020;2021;2022;2023;2010;2011;2012;2013;2014;2015;2016;2017;2018;2019;2020;2021;2022;2023
"09361";"Amberg";"Kreise";"11,24";"10,66";"9,48";"9,43";"10,41";"11,92";"11,92";"13,68";"12,26";"9,46";"7,72";"9,01";"8,02";"5,96";"5,75";"6,10";"5,89";"5,63";"5,89";"5,29";"4,40";"4,23";"5,35";"4,68";"4,22";"4,79";"43,81";"46,37";"47,29";"47,07";"48,60";"50,08";"49,74";"49,51";"49,85";"48,48";"54,33";"56,69";"58,86";"58,56";"3,45";"3,61";"3,51";"2,93";"3,03";"3,46";"3,53";"3,27";"3,99";"4,51";"4,49";"3,95";"3,30";"4,13";"3,83";"4,20";"3,97";"3,51";"3,25";"2,85";"2,87";"3,59";"4,63";"4,70";"4,09";"4,58";"4,70";"4,83";"8,84";"8,00";"14,56";"13,07";"8,90";"10,20";"49,89";"47,92";"48,37";"47,83";"46,14";"46,53";"46,62";"48,79";"47,88";"47,00";"45,42";"47,40";"47,35";"51,15";"55,05";"44,90";"44,83";"43,33";"44,56";"42,69";"40,31";"41,15";"42,40";"40,28";"39,63";"33,86";"31,72";"29,93";"29,50"
"09362";"Regensburg, Stadt";"Kreise";"10,52";"9,48";"8,47";"8,11";"8,40";"8,84";"8,79";"9,72";"8,94";"7,16";"6,25";"7,20";"6,00";"4,85";"4,46";"4,70";"4,42";"4,16";"3,69";"3,29";"3,19";"3,40";"4,38";"4,32";"3,81";"4,12";"38,51";"39,95";"41,20";"39,43";"39,43";"40,47";"40,80";"40,17";"41,28";"42,16";"44,34";"47,37";"44,97";"43,10";"8,46";"9,16";"9,41";"10,80";"10,48";"11,27";"11,55";"12,22";"11,51";"11,34";"10,92";"10,28";"9,87";"10,83";"4,98";"4,93";"5,14";"5,32";"5,76";"5,62";"5,86";"5,61";"5,61";"6,07";"6,37";"6,61";"6,08";"6,39";"6,02";"7,91";"6,38";"7,58";"7,44";"7,48";"51,04";"49,92";"48,13";"47,88";"44,67";"43,61";"43,66";"45,84";"46,35";"46,01";"45,57";"45,25";"46,78";"47,19";"45,28";"40,59";"38,74";"39,22";"38,96";"38,74";"37,29";"36,20";"36,45";"36,53";"35,62";"32,99";"30,40";"25,64";"23,74"
"09363";"Weiden i.d.OPf.";"Kreise";"9,21";"9,08";"8,23";"8,22";"8,92";"10,39";"10,41";"14,99";"12,54";"10,95";"7,51";"8,50";"8,37";"7,92";"7,03";"7,00";"7,06";"7,17";"6,61";"6,11";"5,18";"5,15";"5,73";"5,12";"4,69";"5,52";"51,15";"54,04";"53,61";"51,77";"51,98";"53,77";"53,90";"53,02";"53,71";"52,67";"60,91";"63,34";"61,26";"62,27";"2,62";"2,59";"2,51";"2,55";"3,09";"2,60";"2,73";"3,79";"3,77";"3,94";"4,17";"3,93";"3,69";"3,94";"3,10";"2,70";"2,95";"3,54";"3,34";"3,38";"2,99";"2,59";"3,19";"3,59";"3,81";"3,85";"4,32";"4,09";"7,69";"6,70";"7,76";"6,34";"10,18";"8,33";"49,33";"48,51";"49,73";"50,53";"49,16";"48,95";"49,31";"52,79";"53,30";"53,38";"53,53";"52,78";"53,68";"53,60";"52,73";"39,75";"37,24";"37,85";"39,85";"38,57";"36,93";"35,97";"36,68";"37,09";"37,88";"29,06";"26,10";"24,14";"24,02"
"09371";"Amberg-Sulzbach";"Kreise";"7,49";"6,98";"6,28";"6,17";"6,73";"8,02";"8,40";"9,46";"7,92";"5,83";"4,30";"4,93";"4,47";"3,54";"3,07";"3,20";"3,17";"2,91";"2,91";"2,71";"2,42";"2,33";"2,92";"2,73";"2,59";"3,02";"36,62";"38,01";"37,49";"36,55";"37,99";"37,87";"36,78";"37,02";"38,36";"37,56";"44,66";"47,95";"53,16";"54,32";"3,40";"3,75";"3,33";"3,87";"4,06";"4,64";"4,04";"4,63";"5,85";"5,35";"5,14";"5,02";"4,68";"4,74";"4,58";"4,44";"4,86";"5,15";"4,98";"4,76";"5,91";"5,38";"5,31";"6,09";"5,71";"6,36";"5,66";"5,57";"6,51";"9,32";"7,27";"4,46";"5,79";"6,58";"34,04";"33,25";"34,46";"34,61";"32,52";"33,66";"32,53";"35,56";"35,65";"37,10";"36,14";"36,84";"38,47";"43,98";"46,57";"50,62";"50,04";"50,71";"50,19";"47,35";"46,92";"49,12";"50,72";"48,08";"47,98";"40,61";"37,00";"33,12";"31,92"
"09372";"Cham";"Kreise";"7,97";"7,38";"6,43";"6,28";"6,99";"8,24";"8,13";"8,74";"7,01";"4,97";"4,09";"4,82";"3,97";"3,21";"3,19";"3,50";"3,32";"3,02";"3,07";"2,69";"2,51";"2,51";"3,16";"2,85";"2,73";"2,94";"31,07";"31,62";"32,92";"35,02";"33,58";"34,40";"36,36";"35,68";"34,60";"34,70";"43,24";"47,62";"47,50";"48,36";"2,16";"2,39";"2,15";"2,32";"2,88";"2,72";"2,75";"3,39";"3,79";"3,52";"3,35";"3,67";"3,40";"3,74";"4,33";"4,70";"4,34";"4,40";"4,69";"4,78";"4,54";"4,43";"4,11";"4,41";"4,89";"5,24";"4,80";"4,44";"6,21";"4,64";"6,62";"7,11";"7,16";"5,99";"31,93";"30,71";"29,63";"31,14";"32,61";"31,38";"32,10";"36,22";"35,36";"34,38";"33,51";"33,38";"35,90";"40,41";"39,76";"55,47";"54,75";"54,20";"51,20";"51,87";"49,67";"47,18";"49,27";"49,67";"49,47";"42,90";"39,14";"38,41";"35,78"
"09373";"Neumarkt i.d.OPf.";"Kreise";"6,72";"6,52";"5,56";"5,47";"6,01";"6,82";"6,65";"6,93";"5,93";"4,18";"2,99";"3,31";"2,90";"2,18";"2,17";"2,40";"2,23";"2,06";"2,01";"1,88";"1,69";"1,74";"2,22";"2,13";"1,97";"2,41";"33,88";"33,45";"36,66";"35,08";"32,90";"35,57";"35,01";"33,97";"33,70";"34,41";"43,31";"45,89";"49,48";"52,39";"4,65";"4,84";"4,20";"5,58";"6,36";"6,52";"7,33";"7,26";"8,22";"7,22";"7,29";"7,45";"6,20";"6,04";"7,40";"7,17";"6,64";"6,73";"6,85";"6,45";"7,26";"7,55";"6,75";"7,84";"8,04";"8,64";"6,85";"6,77";"3,81";"8,39";"10,84";"13,21";"24,45";"10,52";"35,99";"32,95";"30,00";"32,13";"30,59";"30,16";"31,85";"31,85";"31,05";"31,40";"31,14";"31,65";"34,56";"40,50";"45,14";"50,07";"48,25";"51,12";"51,24";"52,27";"49,73";"48,99";"50,00";"50,45";"49,86";"40,55";"37,13";"33,20";"30,76"
"09374";"Neustadt a.d.Waldnaab";"Kreise";"6,63";"6,26";"5,58";"5,62";"6,11";"7,23";"7,31";"8,62";"7,54";"5,84";"4,25";"5,21";"4,69";"3,99";"3,98";"4,10";"3,90";"3,82";"3,56";"3,28";"2,91";"2,83";"3,31";"3,04";"2,94";"3,31";"40,50";"43,09";"41,49";"40,58";"40,87";"41,21";"41,19";"40,40";"42,25";"41,48";"52,49";"55,11";"57,21";"58,18";"2,67";"2,79";"3,03";"3,18";"3,82";"3,27";"3,14";"3,35";"3,74";"4,03";"4,43";"4,41";"4,28";"4,12";"3,81";"3,93";"3,55";"3,78";"3,82";"4,00";"3,83";"4,32";"4,84";"4,82";"4,87";"5,44";"5,41";"5,23";"3,07";"3,68";"3,43";"4,73";"7,25";"8,53";"38,52";"37,82";"38,87";"37,65";"38,26";"38,91";"39,60";"42,24";"43,24";"42,05";"41,43";"40,14";"40,66";"45,56";"44,43";"48,44";"47,69";"47,63";"49,18";"47,80";"47,12";"45,70";"45,68";"46,17";"47,48";"35,77";"31,84";"25,93";"26,11"
"09375";"Regensburg";"Kreise";"6,50";"5,85";"5,07";"4,91";"5,07";"5,47";"5,40";"5,88";"5,07";"3,69";"2,71";"3,58";"3,04";"2,25";"2,26";"2,60";"2,44";"2,20";"2,04";"1,86";"1,76";"1,92";"2,60";"2,61";"2,36";"2,45";"27,66";"30,06";"33,66";"34,74";"34,87";"36,28";"35,92";"34,70";"34,63";"35,98";"39,91";"43,68";"43,29";"49,71";"5,42";"6,28";"6,37";"6,24";"6,79";"7,54";"7,77";"7,92";"8,87";"7,79";"8,46";"8,57";"8,39";"8,25";"7,07";"6,76";"6,20";"6,20";"6,10";"6,36";"6,60";"7,23";"7,40";"7,07";"8,02";"7,96";"7,90";"7,82";"3,36";"4,14";"4,04";"4,72";"5,68";"6,97";"34,26";"33,01";"33,61";"34,21";"34,77";"34,10";"33,88";"36,19";"35,19";"35,71";"35,33";"34,45";"36,29";"42,80";"43,82";"49,60";"48,34";"48,87";"47,88";"47,07";"46,57";"47,33";"48,68";"47,88";"47,83";"41,56";"38,74";"31,62";"30,86"
"09376";"Schwandorf";"Kreise";"6,91";"6,23";"5,38";"5,38";"5,93";"6,87";"6,76";"7,89";"6,97";"5,51";"4,25";"4,86";"4,01";"3,27";"3,31";"3,50";"3,29";"3,35";"3,28";"2,79";"2,53";"2,80";"3,42";"3,08";"2,86";"3,05";"40,13";"41,92";"44,20";"44,56";"44,37";"46,13";"46,92";"47,78";"45,54";"46,72";"53,52";"57,03";"55,50";"55,08";"2,58";"2,29";"2,54";"3,02";"2,93";"2,88";"3,25";"3,49";"3,51";"3,33";"3,62";"3,21";"4,00";"4,28";"3,72";"3,80";"4,07";"4,31";"4,31";"3,87";"4,06";"4,22";"4,57";"4,08";"4,87";"5,19";"5,42";"5,85";"6,28";"6,72";"8,26";"7,87";"6,63";"5,13";"39,80";"38,10";"38,53";"39,05";"38,27";"38,48";"40,01";"42,42";"41,24";"40,72";"41,04";"40,97";"43,35";"46,60";"46,08";"45,48";"43,90";"42,62";"42,72";"42,46";"41,06";"40,32";"39,60";"41,55";"40,02";"33,32";"30,90";"29,43";"27,99"
"09377";"Tirschenreuth";"Kreise";"7,83";"7,67";"7,04";"7,25";"7,93";"9,16";"8,77";"10,43";"9,00";"7,03";"5,35";"5,76";"5,57";"4,74";"4,55";"4,70";"4,52";"4,25";"4,15";"3,52";"3,25";"3,02";"3,36";"3,10";"3,28";"3,62";"39,36";"42,88";"43,57";"40,54";"41,37";"41,89";"40,95";"42,37";"42,15";"41,30";"49,57";"52,52";"47,60";"45,69";"2,39";"2,50";"2,47";"3,07";"3,19";"3,08";"2,55";"2,79";"3,07";"3,08";"3,26";"3,22";"3,00";"3,17";"3,52";"3,56";"3,30";"3,81";"3,30";"3,66";"4,15";"5,09";"5,28";"4,35";"5,35";"5,35";"4,42";"4,51";"7,92";"9,52";"8,06";"7,01";"6,47";"6,06";"38,01";"37,06";"38,22";"39,95";"37,42";"38,02";"37,19";"42,14";"42,51";"42,17";"42,05";"40,23";"40,41";"50,07";"50,27";"50,47";"48,35";"49,56";"50,00";"47,64";"45,55";"45,52";"45,51";"48,02";"49,70";"39,65";"36,08";"28,11";"27,56"
"09461";"Bamberg, Stadt";"Kreise";"9,50";"8,62";"7,96";"7,64";"8,73";"9,63";"9,57";"10,81";"9,86";"8,20";"6,45";"6,61";"5,82";"4,94";"5,09";"5,10";"5,00";"4,90";"4,68";"4,45";"4,01";"3,78";"4,53";"4,56";"4,28";"4,39";"43,59";"45,54";"46,90";"44,86";"44,17";"45,67";"45,08";"43,46";"41,68";"42,29";"46,98";"48,52";"48,13";"47,48";"7,34";"7,60";"8,45";"10,17";"9,93";"9,71";"9,73";"9,75";"10,81";"11,51";"11,65";"12,53";"12,07";"12,20";"3,76";"4,22";"4,06";"4,75";"5,44";"5,49";"5,22";"5,10";"5,11";"5,56";"6,14";"6,89";"5,79";"6,47";"6,50";"8,14";"5,29";"5,76";"7,69";"6,73";"49,16";"47,84";"47,31";"45,94";"44,04";"43,49";"44,93";"46,82";"49,29";"47,90";"46,60";"45,68";"47,18";"49,45";"48,33";"38,78";"38,39";"39,25";"38,56";"38,00";"36,27";"36,22";"34,50";"36,30";"36,49";"31,43";"28,59";"27,29";"28,28"
"09462";"Bayreuth, Stadt";"Kreise";"10,14";"9,44";"8,09";"8,62";"10,07";"10,89";"11,18";"11,98";"10,38";"8,61";"7,54";"7,51";"7,05";"6,24";"6,00";"6,30";"6,09";"5,78";"5,38";"5,03";"4,53";"4,23";"5,20";"4,47";"4,37";"4,79";"37,62";"45,08";"46,87";"44,85";"44,33";"44,98";"43,50";"44,08";"44,56";"42,20";"50,71";"52,19";"52,83";"57,18";"7,01";"6,53";"7,08";"7,68";"7,88";"8,66";"9,15";"9,59";"9,71";"9,97";"9,58";"8,92";"8,14";"8,35";"4,23";"4,06";"4,31";"4,33";"4,38";"4,33";"4,72";"5,00";"5,20";"5,60";"5,77";"6,43";"5,60";"5,86";"9,90";"13,45";"9,68";"13,67";"17,30";"13,38";"50,08";"47,38";"47,13";"47,32";"46,40";"45,56";"45,95";"46,76";"46,73";"48,41";"46,76";"45,76";"46,65";"49,94";"47,61";"40,47";"38,81";"40,47";"42,37";"42,54";"41,07";"41,36";"39,74";"37,96";"40,42";"33,08";"31,58";"27,55";"26,32"
"09463";"Coburg, Stadt";"Kreise";"10,75";"10,34";"9,34";"9,05";"10,60";"12,26";"12,96";"14,54";"13,08";"10,31";"8,21";"7,50";"7,84";"6,58";"5,69";"6,10";"5,82";"5,73";"5,33";"4,98";"4,97";"4,95";"5,80";"5,47";"5,52";"6,34";"44,68";"49,05";"50,53";"49,77";"48,71";"49,22";"49,67";"50,89";"51,87";"51,26";"56,35";"57,49";"56,46";"56,86";"3,76";"4,78";"5,47";"5,52";"6,01";"6,28";"5,93";"5,89";"5,37";"6,08";"6,35";"7,30";"7,34";"7,89";"4,97";"4,28";"4,00";"4,69";"4,53";"4,55";"4,59";"4,82";"4,49";"4,35";"5,46";"5,71";"5,66";"4,99";"11,55";"13,62";"12,80";"14,85";"12,85";"10,93";"43,54";"43,25";"44,90";"44,65";"45,01";"45,59";"46,62";"49,58";"50,27";"49,51";"51,59";"51,05";"52,42";"52,63";"52,22";"43,35";"40,63";"39,76";"39,79";"40,12";"39,40";"38,90";"37,86";"37,88";"37,71";"31,32";"28,63";"27,35";"27,98"
"09464";"Hof, Stadt";"Kreise";"12,88";"11,99";"11,28";"12,05";"13,63";"14,55";"14,08";"15,03";"13,22";"10,99";"9,09";"7,83";"7,28";"6,89";"6,78";"6,90";"6,86";"6,74";"7,03";"7,06";"5,80";"5,64";"6,69";"6,08";"5,52";"5,94";"48,69";"51,52";"50,91";"50,13";"50,41";"50,94";"53,13";"58,28";"56,43";"55,56";"61,06";"63,75";"66,72";"67,37";"2,76";"3,14";"3,97";"3,31";"3,12";"3,88";"4,29";"3,49";"3,37";"3,88";"4,08";"4,21";"3,37";"2,87";"4,02";"3,53";"3,19";"3,69";"3,62";"3,50";"3,01";"2,35";"2,30";"2,97";"3,40";"3,26";"3,30";"3,28";"14,75";"15,50";"11,55";"12,59";"13,48";"10,06";"48,77";"48,25";"49,89";"48,76";"47,07";"47,68";"47,51";"51,96";"57,01";"54,92";"54,41";"56,06";"55,80";"53,15";"52,87";"42,16";"40,22";"41,41";"42,49";"42,47";"41,04";"38,40";"34,80";"37,38";"36,81";"30,72";"28,11";"25,94";"25,72"
"09471";"Bamberg";"Kreise";"6,84";"6,28";"5,71";"5,56";"6,39";"6,90";"6,87";"7,22";"6,64";"5,17";"3,58";"3,96";"3,56";"2,93";"3,01";"2,90";"2,95";"2,68";"2,50";"2,31";"2,07";"2,06";"2,65";"2,63";"2,34";"2,53";"32,70";"33,26";"34,96";"35,05";"35,40";"34,88";"35,56";"33,75";"32,80";"33,06";"39,86";"42,51";"44,44";"45,66";"4,19";"4,69";"5,17";"5,70";"6,28";"7,02";"6,78";"6,88";"7,39";"7,39";"6,69";"6,84";"5,85";"6,73";"4,94";"4,85";"5,65";"6,02";"6,05";"7,41";"7,24";"6,78";"6,20";"6,97";"8,05";"8,90";"9,61";"8,73";"4,74";"4,55";"3,27";"2,12";"4,41";"2,65";"33,94";"32,39";"32,01";"30,51";"30,51";"30,59";"31,50";"33,63";"34,49";"35,08";"34,02";"34,10";"33,66";"34,73";"36,08";"54,13";"53,74";"52,94";"51,67";"49,36";"47,10";"45,30";"46,71";"47,27";"47,96";"41,76";"39,35";"34,64";"32,83"
"09472";"Bayreuth";"Kreise";"7,69";"7,12";"6,36";"6,54";"7,46";"8,01";"8,16";"8,32";"7,64";"5,84";"4,48";"4,71";"4,52";"3,81";"3,51";"3,70";"3,67";"3,41";"3,31";"3,05";"2,80";"2,63";"3,24";"2,90";"2,90";"3,15";"30,29";"33,38";"32,98";"30,90";"28,69";"29,66";"29,77";"29,54";"31,20";"29,70";"43,19";"48,97";"47,56";"50,63";"4,09";"4,13";"5,08";"4,87";"5,22";"5,31";"5,45";"5,63";"5,78";"6,51";"6,71";"6,56";"5,67";"5,22";"6,08";"6,03";"6,20";"6,34";"7,20";"6,89";"6,92";"6,68";"6,56";"6,43";"7,33";"7,36";"6,93";"6,59";"5,00";"6,44";"4,35";"3,96";"4,30";"3,19";"34,20";"32,75";"32,14";"31,66";"32,00";"30,38";"30,15";"32,77";"33,02";"33,43";"32,18";"32,79";"35,27";"36,91";"38,34";"56,48";"54,65";"55,20";"57,30";"58,11";"57,35";"55,62";"56,10";"54,42";"55,53";"41,44";"35,56";"30,95";"32,17"
"09473";"Coburg";"Kreise";"8,21";"7,69";"6,74";"6,71";"8,30";"10,06";"10,47";"10,72";"9,49";"6,84";"5,04";"6,00";"5,30";"4,09";"4,08";"4,10";"4,09";"3,83";"3,47";"3,10";"3,05";"3,06";"3,72";"3,58";"3,36";"3,72";"38,47";"40,33";"41,26";"42,91";"42,99";"43,01";"42,14";"42,30";"42,15";"40,81";"49,09";"49,33";"49,19";"51,11";"3,17";"3,83";"3,42";"3,95";"4,13";"3,96";"4,70";"4,59";"4,91";"4,65";"5,13";"5,69";"5,33";"5,63";"5,45";"5,64";"5,13";"4,90";"5,47";"5,33";"5,10";"5,17";"5,55";"5,82";"5,66";"6,91";"6,34";"6,55";"10,74";"9,65";"9,43";"8,66";"8,71";"8,43";"36,36";"34,91";"35,44";"35,03";"36,41";"35,93";"36,31";"38,20";"40,10";"41,13";"38,74";"38,03";"38,46";"41,23";"40,82";"49,84";"49,44";"49,95";"48,00";"47,17";"47,07";"46,96";"46,90";"45,58";"47,33";"38,73";"36,79";"33,21";"32,27"
"09474";"Forchheim";"Kreise";"7,50";"6,76";"6,08";"5,71";"6,19";"6,41";"6,52";"6,97";"6,28";"5,25";"3,63";"4,17";"3,77";"3,09";"3,04";"3,20";"3,00";"2,93";"2,93";"2,71";"2,49";"2,40";"2,95";"2,95";"2,70";"2,97";"31,59";"35,26";"38,41";"34,64";"34,32";"34,87";"35,48";"36,86";"39,37";"39,59";"43,72";"47,61";"49,23";"50,70";"4,88";"5,13";"5,65";"6,23";"7,74";"8,83";"7,74";"7,02";"6,82";"6,94";"8,41";"9,19";"8,71";"7,85";"6,35";"6,57";"7,36";"7,63";"8,15";"8,68";"7,12";"6,90";"6,77";"7,24";"8,01";"7,84";"8,05";"8,00";"5,68";"5,64";"4,93";"2,66";"3,99";"5,02";"37,04";"35,43";"35,59";"36,65";"33,38";"32,53";"32,51";"35,64";"36,36";"37,06";"36,53";"34,65";"35,26";"38,20";"40,95";"50,22";"46,30";"44,95";"47,20";"44,21";"42,45";"44,52";"44,54";"43,25";"42,89";"36,86";"33,85";"29,88";"29,60"
"09475";"Hof";"Kreise";"9,00";"8,42";"7,88";"8,21";"9,32";"10,47";"9,78";"10,33";"9,15";"7,34";"5,80";"6,06";"5,41";"4,58";"4,24";"4,50";"4,11";"3,70";"3,46";"3,09";"2,85";"2,88";"3,66";"3,43";"3,29";"3,60";"37,81";"41,75";"44,33";"42,99";"41,18";"40,38";"39,77";"39,63";"40,13";"40,18";"44,75";"48,39";"50,12";"51,48";"3,00";"3,20";"3,46";"3,53";"4,24";"4,65";"4,53";"4,23";"5,17";"5,53";"5,57";"5,50";"5,60";"5,36";"5,46";"5,14";"5,79";"5,78";"5,64";"5,77";"5,85";"6,53";"5,65";"5,60";"6,43";"6,42";"6,02";"5,63";"6,27";"11,22";"10,62";"8,55";"9,76";"10,97";"33,64";"32,54";"33,03";"32,60";"31,04";"31,58";"32,75";"35,07";"37,45";"38,16";"38,77";"39,12";"40,77";"45,18";"48,69";"47,36";"45,65";"45,07";"46,30";"47,83";"46,90";"46,65";"46,03";"46,06";"45,69";"40,78";"37,21";"33,67";"31,95"
"09476";"Kronach";"Kreise";"8,57";"8,37";"7,31";"7,24";"8,25";"9,19";"9,38";"10,09";"8,73";"6,48";"4,49";"5,86";"5,07";"4,15";"4,03";"4,40";"4,42";"3,96";"3,54";"3,08";"2,77";"3,19";"3,80";"3,43";"3,02";"3,46";"41,10";"46,55";"45,09";"42,72";"41,05";"40,17";"39,69";"38,59";"39,41";"36,74";"40,80";"42,61";"45,55";"47,32";"2,73";"3,67";"3,46";"4,07";"3,92";"4,31";"3,83";"3,73";"3,79";"4,92";"4,56";"3,79";"4,10";"3,82";"5,36";"4,54";"3,98";"4,77";"4,97";"5,29";"5,67";"4,58";"4,86";"6,13";"6,20";"6,67";"5,06";"5,50";"9,65";"6,92";"2,59";"2,24";"3,79";"4,51";"46,23";"43,21";"43,90";"42,53";"40,42";"40,23";"39,26";"40,80";"38,93";"41,98";"40,79";"40,26";"40,33";"42,76";"43,58";"47,16";"44,25";"47,15";"48,14";"49,71";"49,71";"49,93";"51,91";"51,25";"51,31";"47,34";"45,79";"43,63";"42,05"
"09477";"Kulmbach";"Kreise";"9,08";"8,72";"8,02";"8,35";"9,25";"9,95";"10,72";"11,91";"10,25";"8,10";"6,05";"6,06";"5,70";"4,96";"4,60";"4,90";"4,87";"4,49";"4,08";"3,81";"3,44";"3,32";"3,81";"3,48";"3,28";"3,58";"35,28";"38,19";"44,23";"43,03";"42,84";"43,72";"43,19";"42,61";"42,78";"41,81";"51,90";"53,31";"56,32";"58,82";"3,32";"3,22";"3,30";"4,38";"4,05";"4,87";"4,06";"4,61";"4,67";"5,20";"6,08";"6,26";"6,32";"5,85";"4,57";"4,06";"4,36";"4,38";"5,06";"4,87";"4,48";"5,05";"4,24";"5,24";"5,89";"6,47";"6,61";"6,19";"10,22";"12,18";"9,66";"6,90";"6,08";"5,14";"38,44";"36,27";"37,97";"39,28";"36,67";"36,39";"37,01";"40,56";"45,11";"46,74";"45,83";"43,73";"42,80";"43,61";"45,68";"48,85";"48,45";"47,37";"47,61";"47,55";"44,91";"44,86";"44,08";"44,72";"45,29";"35,00";"33,05";"29,64";"27,98"
"09478";"Lichtenfels";"Kreise";"7,44";"7,13";"6,04";"6,49";"8,13";"9,14";"9,64";"10,62";"9,64";"7,74";"5,30";"5,56";"5,15";"4,36";"4,26";"4,40";"4,60";"4,38";"3,87";"3,48";"3,30";"3,37";"4,12";"3,62";"3,38";"3,77";"47,40";"50,88";"50,96";"47,56";"45,43";"46,72";"46,24";"43,96";"42,21";"42,03";"53,94";"55,39";"57,32";"57,13";"3,32";"3,53";"3,35";"4,00";"3,83";"3,25";"3,62";"4,17";"4,00";"3,94";"4,90";"4,58";"3,58";"4,23";"4,40";"4,33";"3,91";"4,35";"5,47";"5,38";"4,83";"4,02";"4,26";"4,62";"5,90";"6,77";"6,78";"6,96";"9,90";"10,43";"7,78";"6,63";"6,50";"6,99";"44,47";"42,45";"43,06";"43,64";"40,09";"37,66";"39,86";"41,74";"40,46";"41,80";"42,49";"39,79";"40,31";"43,67";"47,44";"40,98";"38,81";"39,79";"42,03";"43,01";"42,93";"43,76";"46,50";"48,42";"48,30";"34,51";"32,49";"28,12";"27,99"
"09479";"Wunsiedel i.Fichtelgebirge";"Kreise";"10,60";"10,38";"9,50";"9,96";"11,37";"12,20";"11,52";"12,00";"10,50";"8,65";"6,75";"7,66";"6,89";"5,81";"5,29";"5,20";"5,43";"5,17";"5,01";"4,55";"4,21";"4,28";"5,18";"4,53";"4,20";"4,70";"42,94";"47,65";"50,79";"49,03";"49,23";"50,76";"50,44";"50,75";"51,57";"50,50";"54,96";"58,83";"60,09";"62,24";"2,11";"2,09";"2,56";"2,79";"2,74";"2,68";"2,61";"2,59";"2,91";"3,32";"2,91";"3,90";"3,67";"3,56";"3,86";"3,99";"3,94";"4,28";"3,99";"4,04";"3,50";"3,91";"4,26";"3,95";"4,71";"4,53";"4,36";"4,34";"11,30";"10,91";"8,41";"8,75";"11,41";"10,38";"45,21";"42,70";"44,03";"44,68";"42,91";"43,21";"44,14";"47,78";"49,43";"50,30";"50,99";"51,45";"50,97";"51,99";"55,45";"45,31";"43,61";"42,12";"43,26";"43,26";"41,87";"41,09";"40,57";"39,88";"41,13";"36,41";"31,54";"29,51";"26,70"
"09561";"Ansbach, Stadt";"Kreise";"7,69";"7,08";"6,35";"5,92";"6,91";"7,60";"8,33";"9,14";"7,81";"6,62";"5,51";"6,88";"5,45";"4,13";"4,10";"4,90";"5,10";"4,67";"4,88";"4,21";"3,68";"3,63";"4,56";"3,96";"3,88";"4,61";"47,50";"50,47";"55,39";"57,02";"59,42";"59,05";"59,27";"59,65";"58,57";"57,83";"58,59";"61,01";"62,26";"62,15";"3,39";"3,66";"3,78";"3,72";"4,14";"4,29";"3,85";"4,31";"4,71";"4,95";"4,32";"4,32";"5,42";"5,19";"3,56";"3,55";"4,23";"3,81";"3,52";"3,71";"3,31";"3,70";"3,84";"3,79";"3,67";"4,85";"4,23";"4,91";"7,54";"12,04";"9,42";"9,79";"9,74";"9,77";"49,31";"47,04";"47,25";"51,84";"51,81";"52,02";"52,29";"57,21";"55,44";"56,04";"53,69";"54,55";"53,95";"56,18";"55,23";"35,80";"34,61";"33,04";"32,28";"30,72";"31,05";"31,15";"30,80";"31,72";"32,36";"32,32";"28,66";"25,38";"24,11"
"09562";"Erlangen";"Kreise";"8,56";"7,78";"6,48";"5,97";"6,44";"7,05";"7,20";"7,88";"6,95";"5,30";"3,93";"4,37";"4,20";"3,71";"3,87";"4,10";"4,13";"3,93";"3,86";"3,89";"3,68";"3,52";"4,07";"4,09";"3,64";"4,10";"21,79";"30,37";"34,83";"32,73";"33,78";"35,17";"31,53";"29,07";"30,34";"31,14";"32,78";"36,10";"35,98";"33,67";"10,96";"11,16";"11,80";"14,68";"14,35";"14,69";"15,25";"16,36";"15,89";"14,75";"14,12";"13,84";"13,22";"14,11";"6,44";"5,88";"6,38";"6,15";"6,04";"5,97";"6,23";"7,05";"6,71";"6,67";"6,99";"7,18";"7,45";"8,45";"14,56";"17,41";"13,69";"9,90";"14,34";"13,84";"30,66";"31,68";"36,02";"38,72";"39,73";"45,03";"47,64";"51,31";"52,77";"54,21";"52,86";"50,15";"52,15";"56,23";"59,27";"38,50";"36,99";"36,71";"35,91";"37,08";"35,42";"36,65";"38,05";"37,58";"36,46";"36,22";"34,08";"33,39";"33,02"
"09563";"Fürth, Stadt";"Kreise";"11,51";"10,36";"8,38";"7,94";"9,32";"10,37";"10,40";"12,03";"11,16";"9,31";"7,27";"7,95";"7,49";"6,62";"6,56";"6,90";"6,74";"6,56";"5,98";"5,33";"4,86";"4,84";"5,73";"5,57";"4,90";"5,05";"39,92";"42,42";"45,29";"46,23";"46,75";"48,28";"48,57";"47,39";"46,80";"44,60";"43,50";"44,44";"42,20";"41,35";"4,47";"4,44";"4,50";"5,14";"5,61";"5,54";"5,51";"5,48";"5,67";"5,77";"5,81";"5,55";"4,85";"5,62";"5,94";"4,93";"4,85";"5,22";"5,14";"4,99";"5,21";"5,14";"4,90";"4,65";"5,42";"5,55";"4,96";"5,54";"6,87";"10,85";"6,96";"7,30";"10,00";"9,63";"54,48";"52,83";"54,26";"53,94";"52,49";"51,65";"53,56";"55,98";"55,57";"55,76";"55,93";"54,59";"55,35";"58,95";"57,07";"40,83";"38,99";"41,21";"40,77";"40,05";"38,65";"36,65";"37,03";"35,17";"34,61";"32,75";"30,28";"27,17";"25,65"
"09564";"Nürnberg";"Kreise";"11,79";"10,93";"9,51";"9,13";"10,26";"11,58";"12,04";"13,11";"11,48";"9,72";"8,04";"8,67";"8,53";"7,89";"7,71";"7,80";"7,60";"7,18";"6,64";"5,96";"5,42";"5,21";"6,31";"6,07";"5,45";"5,92";"40,44";"45,23";"48,60";"47,72";"48,66";"49,98";"50,96";"50,84";"50,65";"50,95";"52,00";"55,46";"55,77";"53,63";"5,57";"5,27";"5,48";"5,78";"5,83";"5,81";"5,79";"6,14";"6,58";"6,79";"7,45";"7,08";"6,49";"7,20";"5,13";"5,00";"4,78";"4,99";"4,91";"4,62";"4,48";"4,77";"5,00";"5,04";"5,59";"5,30";"5,11";"5,97";"9,90";"12,90";"8,79";"7,46";"8,40";"10,15";"59,60";"57,63";"58,30";"58,28";"55,99";"55,41";"55,69";"57,17";"56,38";"55,69";"54,77";"53,33";"55,12";"56,51";"54,08";"39,34";"37,81";"38,38";"38,65";"37,70";"36,11";"35,48";"35,89";"35,57";"35,24";"32,69";"29,72";"28,43";"29,14"
"09565";"Schwabach";"Kreise";"6,56";"5,76";"4,57";"4,37";"5,66";"7,26";"7,76";"8,28";"7,72";"6,49";"4,87";"5,26";"5,26";"4,65";"4,39";"4,60";"4,23";"4,08";"3,66";"3,44";"3,25";"3,19";"4,05";"3,81";"3,35";"3,51";"37,23";"42,96";"45,56";"44,17";"43,27";"45,89";"48,38";"48,02";"48,11";"48,02";"50,16";"52,87";"52,05";"51,04";"6,01";"5,20";"4,93";"5,57";"6,07";"5,19";"5,22";"5,54";"5,53";"7,03";"7,40";"7,20";"6,41";"7,22";"6,47";"6,24";"6,46";"5,78";"5,74";"4,85";"5,35";"5,41";"4,61";"4,85";"5,14";"6,19";"5,13";"4,90";"5,74";"8,51";"3,61";"5,73";"5,16";"6,29";"42,98";"43,04";"44,08";"45,67";"45,41";"44,70";"48,70";"51,87";"53,17";"52,86";"53,14";"49,62";"49,16";"52,05";"52,02";"45,92";"43,59";"42,06";"43,24";"43,49";"42,16";"39,05";"38,92";"40,45";"38,83";"36,23";"32,17";"31,28";"31,82"
"09571";"Ansbach";"Kreise";"6,15";"5,72";"4,98";"4,91";"5,59";"6,27";"6,51";"7,20";"6,24";"4,72";"3,41";"3,92";"3,39";"2,90";"2,81";"3,00";"3,24";"3,07";"3,00";"2,72";"2,33";"2,24";"2,77";"2,55";"2,45";"2,53";"41,34";"44,90";"40,71";"40,58";"40,25";"40,34";"39,65";"39,40";"38,96";"38,35";"41,05";"42,70";"38,71";"41,88";"3,94";"3,75";"3,54";"3,88";"4,24";"4,79";"4,77";"4,53";"4,83";"5,33";"5,46";"5,61";"5,80";"5,60";"5,56";"5,87";"5,11";"5,37";"5,42";"5,74";"5,54";"5,55";"6,07";"6,30";"7,34";"7,54";"7,05";"6,40";"4,49";"4,86";"5,12";"4,76";"4,20";"4,15";"39,81";"39,57";"39,69";"32,74";"37,25";"43,70";"39,90";"45,86";"46,38";"46,01";"44,50";"44,07";"43,28";"48,18";"48,38";"45,07";"43,27";"40,60";"40,10";"39,61";"38,25";"37,42";"38,31";"38,63";"39,06";"35,92";"34,28";"31,40";"32,06"
"09572";"Erlangen-Höchstadt";"Kreise";"6,28";"5,93";"5,07";"4,57";"4,90";"5,36";"5,44";"5,36";"4,49";"3,26";"2,30";"2,94";"2,88";"2,32";"2,27";"2,40";"2,31";"2,32";"2,31";"2,03";"1,92";"1,84";"2,49";"2,47";"2,41";"2,64";"26,82";"29,64";"31,41";"30,22";"31,86";"34,20";"35,73";"34,00";"36,01";"37,28";"39,49";"39,29";"42,31";"41,73";"9,52";"9,78";"9,98";"10,90";"11,92";"12,36";"11,83";"13,90";"14,21";"12,89";"12,87";"13,22";"11,98";"11,99";"10,53";"10,32";"9,31";"9,04";"8,60";"7,82";"8,21";"9,11";"9,15";"9,70";"9,23";"10,07";"9,76";"10,79";"9,43";"29,08";"17,39";"12,48";"12,81";"9,29";"33,06";"30,24";"31,86";"31,77";"32,36";"32,56";"33,62";"37,97";"36,13";"36,69";"37,51";"37,69";"38,26";"44,38";"45,13";"48,27";"46,14";"47,78";"47,53";"44,94";"42,64";"41,18";"40,40";"38,89";"38,96";"36,21";"35,88";"31,55";"30,79"
"09573";"Fürth";"Kreise";"7,22";"6,53";"5,36";"4,92";"5,63";"6,30";"6,36";"6,74";"6,43";"5,24";"3,61";"3,91";"3,95";"3,19";"3,22";"3,40";"3,26";"3,06";"3,02";"2,74";"2,53";"2,49";"3,20";"3,16";"2,64";"2,74";"27,83";"31,74";"31,47";"32,20";"32,43";"33,71";"35,50";"37,11";"36,05";"36,09";"38,03";"40,15";"39,94";"37,86";"7,27";"6,25";"7,55";"7,52";"7,36";"7,74";"7,17";"6,85";"7,46";"7,73";"8,67";"8,95";"7,67";"8,02";"10,94";"9,16";"8,21";"8,27";"8,81";"8,76";"7,79";"8,31";"8,74";"8,72";"9,04";"9,90";"9,49";"9,00";"5,58";"10,44";"5,39";"6,00";"3,58";"4,47";"35,41";"32,83";"34,42";"33,59";"33,74";"34,03";"34,48";"38,18";"38,97";"39,86";"40,90";"40,00";"39,87";"41,59";"40,43";"49,21";"49,20";"50,50";"48,88";"47,53";"45,85";"45,61";"43,80";"43,81";"42,93";"38,97";"36,41";"33,98";"32,41"
"09574";"Nürnberger Land";"Kreise";"6,31";"5,82";"4,98";"4,73";"5,35";"6,28";"6,64";"6,68";"5,85";"4,73";"3,35";"3,62";"3,46";"2,89";"2,83";"3,10";"3,04";"2,82";"2,69";"2,53";"2,40";"2,30";"2,93";"2,69";"2,37";"2,54";"30,28";"34,16";"36,10";"36,09";"37,26";"38,84";"40,36";"38,72";"38,50";"39,19";"44,23";"46,49";"47,44";"48,06";"7,19";"6,53";"7,19";"7,72";"8,13";"8,45";"8,01";"8,50";"8,88";"9,12";"9,28";"9,21";"9,21";"8,13";"8,53";"8,75";"7,70";"7,76";"7,47";"7,25";"6,96";"7,86";"8,07";"7,64";"8,32";"8,90";"8,59";"8,75";"6,44";"6,57";"5,48";"6,24";"6,48";"6,82";"35,81";"32,78";"32,62";"32,84";"32,70";"32,98";"34,22";"37,99";"36,56";"36,97";"36,92";"37,96";"39,48";"39,41";"41,52";"49,26";"47,99";"48,01";"47,42";"46,23";"44,42";"43,38";"43,70";"43,58";"42,87";"36,86";"34,44";"32,88";"33,39"
"09575";"Neustadt a.d.Aisch-Bad Windsheim";"Kreise";"5,78";"5,32";"4,47";"4,50";"5,28";"5,83";"5,87";"6,68";"5,59";"4,17";"3,04";"3,73";"3,39";"2,68";"2,37";"2,60";"2,51";"2,32";"2,31";"2,16";"1,86";"1,81";"2,57";"2,32";"2,11";"2,41";"40,04";"44,17";"46,68";"43,10";"42,58";"45,72";"45,89";"44,78";"45,66";"47,70";"49,26";"51,69";"50,57";"49,65";"3,89";"3,14";"4,14";"4,72";"4,56";"4,13";"4,43";"4,60";"4,80";"5,30";"5,88";"6,54";"5,92";"6,84";"6,58";"5,44";"5,31";"6,00";"6,37";"4,98";"5,20";"6,41";"6,41";"6,41";"6,89";"7,50";"8,27";"8,39";"4,71";"5,16";"3,91";"4,11";"4,37";"4,41";"38,70";"37,69";"38,42";"39,66";"38,31";"38,09";"40,34";"45,03";"43,30";"43,69";"44,68";"46,86";"46,99";"48,54";"50,07";"44,71";"43,68";"42,47";"43,96";"43,37";"42,37";"38,82";"40,67";"39,94";"37,98";"35,56";"32,43";"33,06";"30,82"
"09576";"Roth";"Kreise";"5,99";"5,59";"4,65";"4,61";"5,48";"6,38";"6,45";"6,66";"5,61";"4,26";"3,05";"3,54";"3,28";"2,75";"2,72";"3,10";"2,94";"2,79";"2,74";"2,37";"2,21";"2,04";"2,63";"2,43";"2,20";"2,23";"29,27";"30,65";"33,81";"34,33";"35,64";"35,87";"37,60";"39,12";"37,81";"35,66";"43,30";"46,09";"46,10";"47,06";"6,33";"5,65";"6,31";"6,76";"8,11";"7,51";"7,34";"7,11";"7,57";"7,96";"7,87";"8,04";"8,62";"6,43";"8,78";"8,91";"8,06";"8,32";"8,51";"9,42";"8,70";"8,60";"8,51";"8,81";"8,81";"9,27";"8,74";"8,70";"8,15";"8,91";"7,07";"7,14";"6,97";"5,70";"30,95";"29,47";"30,75";"33,04";"30,59";"30,53";"31,34";"35,16";"35,45";"35,39";"33,63";"35,12";"36,82";"41,10";"43,32";"52,21";"51,20";"50,46";"49,69";"47,00";"46,42";"45,21";"44,46";"45,28";"46,65";"39,19";"35,92";"34,92";"34,56"
"09577";"Weißenburg-Gunzenhausen";"Kreise";"6,48";"5,97";"5,24";"5,54";"6,62";"7,44";"7,77";"8,52";"6,98";"5,62";"4,24";"5,07";"4,32";"3,52";"3,09";"3,30";"3,40";"3,26";"3,36";"3,09";"2,86";"2,89";"3,47";"3,42";"3,35";"3,60";"37,76";"39,70";"42,67";"42,67";"44,39";"43,93";"41,67";"42,61";"42,62";"43,18";"56,41";"58,56";"52,26";"52,19";"3,16";"3,66";"4,11";"3,90";"4,14";"4,58";"4,24";"4,14";"4,11";"4,47";"4,83";"5,11";"3,80";"4,34";"5,53";"5,54";"5,46";"5,73";"5,81";"5,65";"5,44";"4,45";"4,90";"5,05";"5,85";"6,42";"5,70";"4,44";"9,75";"9,66";"8,96";"6,33";"6,87";"5,55";"40,84";"39,12";"39,25";"39,33";"37,65";"38,07";"39,82";"43,45";"44,03";"43,96";"42,71";"42,57";"43,07";"50,42";"53,48";"47,18";"43,18";"44,02";"45,15";"43,36";"42,98";"44,53";"45,33";"45,98";"45,47";"31,13";"27,41";"24,62";"23,39"
"09661";"Aschaffenburg, Stadt";"Kreise";"9,12";"8,94";"7,46";"6,83";"8,16";"8,90";"9,26";"10,37";"9,17";"7,33";"5,85";"7,10";"6,62";"5,73";"5,67";"6,40";"5,87";"5,78";"5,76";"5,10";"4,91";"4,91";"6,01";"5,66";"5,42";"6,15";"43,73";"47,35";"49,03";"47,47";"46,26";"45,70";"47,85";"47,85";"49,58";"49,05";"51,67";"53,87";"56,74";"57,26";"3,55";"4,24";"4,11";"4,61";"5,60";"6,17";"5,25";"5,44";"6,05";"6,00";"6,11";"6,28";"5,05";"5,04";"4,89";"4,90";"5,10";"5,23";"5,83";"5,76";"5,25";"5,59";"5,56";"5,48";"6,19";"6,11";"5,68";"5,98";"8,71";"9,43";"10,00";"12,03";"11,45";"9,94";"54,61";"52,83";"53,34";"55,17";"53,24";"50,58";"51,82";"56,14";"55,49";"54,90";"55,98";"55,50";"57,44";"59,72";"59,46";"41,77";"39,54";"38,69";"40,25";"39,90";"39,62";"37,62";"39,26";"37,29";"37,31";"33,96";"31,02";"27,65";"26,56"
"09662";"Schweinfurt, Stadt";"Kreise";"14,11";"13,19";"11,55";"10,83";"11,12";"11,27";"10,98";"13,87";"10,77";"8,51";"8,05";"8,28";"7,44";"6,36";"6,37";"6,20";"6,21";"6,29";"6,42";"6,30";"5,64";"6,10";"6,98";"6,18";"6,22";"6,47";"23,90";"25,70";"26,78";"28,01";"29,27";"27,78";"28,69";"27,52";"33,93";"36,12";"38,31";"49,35";"54,29";"54,46";"2,73";"3,48";"3,49";"3,49";"2,90";"3,57";"3,35";"3,65";"4,15";"4,40";"4,78";"4,57";"3,45";"3,90";"2,99";"2,71";"2,91";"3,19";"3,19";"3,74";"3,30";"3,07";"2,73";"2,32";"3,17";"3,84";"3,56";"3,42";"12,01";"11,80";"10,00";"16,04";"22,39";"13,23";"37,31";"39,28";"42,55";"43,07";"44,86";"44,65";"44,27";"52,56";"57,30";"58,39";"56,91";"56,01";"58,50";"63,79";"65,40";"31,70";"36,01";"39,81";"40,31";"40,04";"39,82";"35,91";"33,95";"34,72";"37,01";"33,03";"28,91";"24,63";"25,57"
"09663";"Würzburg, Stadt";"Kreise";"8,74";"8,06";"6,69";"6,35";"6,93";"7,94";"8,30";"9,77";"8,41";"7,11";"5,70";"5,81";"5,57";"4,94";"4,83";"4,80";"4,51";"4,25";"4,17";"3,83";"3,62";"3,39";"4,11";"3,84";"3,49";"3,74";"36,43";"40,73";"42,63";"41,17";"40,93";"42,42";"43,11";"43,83";"43,41";"42,29";"46,17";"46,19";"43,26";"43,07";"11,07";"11,61";"11,80";"12,28";"14,12";"14,06";"12,71";"13,77";"13,36";"13,75";"14,60";"14,65";"14,65";"14,31";"5,87";"5,20";"4,66";"5,07";"5,35";"5,24";"5,18";"5,24";"5,12";"5,43";"6,28";"6,83";"6,07";"6,87";"8,07";"8,51";"9,10";"11,19";"10,43";"9,26";"44,98";"42,86";"44,33";"44,36";"42,15";"40,96";"41,78";"46,20";"45,44";"44,99";"44,70";"43,88";"43,65";"46,11";"45,39";"41,91";"39,03";"39,51";"39,77";"37,92";"36,31";"35,54";"34,54";"35,67";"35,51";"29,27";"27,35";"24,74";"24,90"
"09671";"Aschaffenburg";"Kreise";"6,30";"5,95";"5,04";"4,67";"5,32";"6,01";"5,97";"6,50";"5,54";"4,22";"3,02";"3,72";"3,53";"2,93";"2,89";"3,30";"3,22";"3,10";"3,29";"2,95";"2,67";"2,61";"3,36";"3,27";"3,18";"3,40";"33,18";"35,30";"34,69";"32,74";"31,71";"32,73";"37,43";"35,79";"36,34";"35,84";"39,88";"41,88";"46,42";"48,09";"5,57";"5,64";"5,71";"6,44";"7,10";"7,83";"7,07";"6,99";"7,63";"7,94";"7,85";"7,73";"8,01";"7,24";"7,20";"7,55";"7,63";"8,14";"8,79";"8,93";"7,72";"8,29";"8,19";"8,43";"8,41";"8,98";"7,91";"7,60";"8,62";"8,33";"5,16";"5,92";"7,13";"5,67";"38,39";"37,16";"38,00";"39,21";"36,48";"35,36";"36,03";"42,89";"41,50";"42,07";"41,73";"42,14";"44,90";"50,28";"48,14";"50,56";"47,96";"47,92";"48,13";"47,86";"45,75";"42,86";"46,15";"45,26";"45,29";"41,43";"38,49";"32,47";"31,27"
"09672";"Bad Kissingen";"Kreise";"8,74";"8,26";"7,36";"6,94";"7,61";"8,31";"8,54";"9,19";"7,98";"6,12";"4,65";"5,06";"4,83";"4,24";"4,11";"4,00";"3,85";"3,77";"3,83";"3,27";"2,87";"2,96";"3,50";"3,28";"3,05";"3,15";"42,37";"44,02";"42,18";"40,37";"39,53";"38,71";"41,36";"39,78";"41,31";"39,73";"50,17";"52,68";"51,85";"52,14";"3,18";"3,32";"4,38";"3,85";"4,55";"4,21";"4,86";"5,55";"5,08";"5,38";"6,04";"6,20";"5,42";"5,11";"4,60";"4,38";"3,94";"4,34";"3,95";"4,45";"4,59";"4,64";"4,78";"4,96";"5,41";"5,88";"4,79";"5,55";"8,75";"8,23";"8,29";"6,96";"6,33";"5,41";"38,51";"38,13";"39,25";"37,84";"34,79";"34,46";"34,45";"37,29";"36,28";"37,04";"35,90";"37,54";"36,82";"39,53";"38,41";"49,10";"46,19";"47,00";"47,45";"46,12";"46,14";"44,00";"45,12";"44,27";"45,47";"33,81";"30,99";"29,49";"28,63"
"09673";"Rhön-Grabfeld";"Kreise";"9,35";"9,02";"7,74";"7,31";"7,91";"8,36";"8,01";"9,29";"8,01";"5,75";"4,01";"4,64";"4,07";"3,28";"3,21";"3,20";"3,17";"3,09";"3,08";"2,62";"2,39";"2,48";"3,12";"2,80";"2,72";"2,81";"40,17";"40,12";"38,24";"36,00";"36,08";"36,05";"36,74";"37,65";"35,53";"33,53";"45,48";"51,92";"49,59";"48,98";"2,92";"3,78";"4,34";"4,53";"4,51";"4,43";"4,28";"4,34";"5,04";"4,89";"5,75";"5,87";"4,72";"4,84";"5,45";"5,39";"5,97";"5,80";"5,87";"5,89";"5,58";"5,62";"5,74";"4,93";"5,12";"6,03";"6,03";"5,55";"14,01";"14,02";"13,31";"7,04";"8,37";"7,18";"34,06";"33,36";"32,20";"30,42";"29,28";"29,92";"31,03";"34,20";"37,39";"34,46";"32,68";"33,08";"33,91";"39,01";"38,20";"50,23";"46,98";"47,33";"49,01";"46,17";"46,73";"46,09";"45,74";"46,29";"50,21";"37,42";"32,42";"28,50";"33,28"
"09674";"Haßberge";"Kreise";"7,41";"6,76";"6,11";"5,66";"6,35";"7,25";"7,36";"7,57";"6,85";"5,08";"3,85";"4,51";"4,19";"3,32";"3,39";"3,50";"3,46";"3,29";"3,17";"2,73";"2,40";"2,64";"3,28";"2,91";"2,71";"2,81";"37,94";"40,99";"38,18";"37,51";"37,83";"38,42";"35,96";"36,69";"37,17";"35,23";"49,61";"51,03";"50,97";"48,56";"2,62";"2,93";"3,83";"3,63";"4,12";"3,95";"4,16";"5,84";"4,73";"5,49";"5,14";"5,68";"5,96";"5,26";"4,15";"4,68";"5,41";"5,57";"5,36";"5,50";"4,61";"5,47";"5,90";"5,46";"4,90";"5,75";"5,96";"6,41";"5,59";"6,56";"2,59";"3,29";"4,37";"3,86";"34,99";"34,19";"35,15";"33,07";"31,95";"30,88";"32,24";"33,53";"33,14";"32,28";"32,87";"34,72";"35,27";"35,92";"35,52";"52,58";"49,91";"51,67";"51,88";"49,26";"48,30";"47,66";"47,63";"47,68";"49,03";"35,63";"31,78";"31,00";"33,57"
"09675";"Kitzingen";"Kreise";"5,91";"5,17";"4,57";"4,42";"4,65";"5,31";"5,46";"6,30";"5,56";"4,47";"3,52";"3,94";"4,10";"3,25";"3,02";"3,20";"3,18";"2,98";"2,78";"2,54";"2,18";"2,13";"2,70";"2,47";"2,33";"2,58";"37,90";"40,41";"42,00";"41,93";"42,54";"42,36";"39,11";"39,66";"38,81";"38,45";"48,57";"50,23";"55,48";"59,41";"3,94";"4,35";"4,80";"4,81";"5,69";"4,87";"5,39";"6,23";"6,21";"7,00";"8,01";"8,26";"5,85";"5,64";"5,99";"5,75";"5,08";"4,88";"5,25";"5,87";"6,39";"5,92";"5,42";"6,79";"6,62";"7,11";"5,52";"6,01";"7,41";"7,73";"3,64";"3,10";"4,89";"5,93";"39,20";"36,62";"37,64";"38,16";"36,86";"36,92";"38,36";"40,67";"39,82";"39,78";"39,18";"40,21";"41,67";"48,74";"49,20";"48,70";"46,61";"46,47";"46,55";"44,12";"42,70";"42,80";"43,89";"45,92";"44,43";"33,45";"31,88";"27,13";"24,24"
"09676";"Miltenberg";"Kreise";"7,30";"6,84";"5,87";"5,55";"6,40";"7,29";"7,26";"7,66";"6,89";"5,15";"3,72";"4,60";"4,03";"3,11";"2,97";"3,50";"3,31";"3,02";"3,10";"2,86";"2,67";"2,77";"3,51";"3,24";"3,11";"3,60";"40,71";"45,57";"45,23";"43,89";"41,08";"41,36";"44,63";"46,35";"44,77";"43,73";"46,72";"50,10";"52,43";"53,61";"3,61";"4,18";"4,61";"4,66";"5,44";"5,07";"5,11";"5,13";"5,09";"5,56";"5,52";"5,16";"5,51";"4,68";"6,30";"6,05";"5,88";"5,88";"6,53";"6,90";"6,04";"6,19";"6,36";"6,10";"6,56";"7,62";"7,13";"6,50";"8,36";"8,59";"9,48";"8,56";"7,02";"8,42";"44,09";"42,35";"43,84";"44,15";"42,75";"41,21";"42,55";"46,94";"47,22";"46,68";"46,50";"46,11";"48,15";"51,12";"50,89";"45,08";"42,16";"42,03";"43,26";"44,10";"42,64";"41,52";"41,03";"42,77";"43,42";"39,39";"34,87";"32,69";"31,92"
"09677";"Main-Spessart";"Kreise";"5,39";"4,87";"4,34";"4,24";"4,64";"5,54";"5,69";"6,23";"4,97";"3,50";"2,58";"3,44";"3,30";"2,55";"2,58";"2,80";"2,53";"2,31";"2,27";"1,97";"1,80";"1,75";"2,52";"2,20";"1,76";"2,13";"37,36";"40,03";"39,36";"38,78";"37,41";"37,94";"39,53";"37,06";"35,47";"34,63";"42,43";"44,87";"44,05";"45,82";"4,00";"4,26";"4,87";"5,41";"5,82";"6,61";"6,00";"6,14";"7,08";"7,20";"8,05";"8,36";"7,16";"7,13";"5,84";"5,71";"5,94";"5,96";"5,98";"7,02";"7,20";"7,59";"8,28";"8,05";"7,52";"9,10";"7,86";"7,52";"4,50";"5,48";"3,95";"5,12";"4,81";"4,23";"35,28";"33,20";"34,68";"33,21";"33,32";"32,24";"33,04";"36,11";"35,47";"34,26";"33,59";"35,50";"36,57";"38,21";"42,61";"48,58";"47,31";"49,14";"48,46";"48,46";"45,78";"42,77";"45,07";"45,11";"46,34";"38,38";"33,68";"32,45";"30,21"
"09678";"Schweinfurt";"Kreise";"7,49";"6,99";"5,97";"5,59";"5,96";"5,90";"5,35";"5,79";"5,42";"4,03";"3,04";"3,57";"3,34";"2,82";"2,63";"2,80";"2,97";"3,13";"3,09";"2,55";"2,28";"2,35";"2,77";"2,54";"2,63";"2,56";"36,28";"35,86";"33,39";"34,15";"32,43";"30,83";"32,61";"31,68";"32,76";"32,24";"40,51";"41,87";"39,13";"40,39";"5,13";"5,34";"5,45";"5,30";"6,05";"6,15";"5,58";"5,37";"5,59";"6,04";"6,40";"6,60";"5,34";"4,30";"5,84";"6,18";"5,51";"5,58";"6,00";"6,00";"5,19";"5,97";"6,40";"6,06";"6,62";"8,07";"7,34";"7,90";"5,36";"8,12";"4,82";"5,56";"8,73";"7,76";"32,28";"31,36";"30,32";"28,96";"28,85";"28,73";"28,81";"34,09";"32,28";"32,19";"32,28";"32,01";"32,63";"35,40";"33,08";"48,82";"47,72";"51,29";"50,50";"49,17";"50,00";"46,69";"50,06";"49,26";"49,07";"40,83";"37,04";"31,04";"32,25"
"09679";"Würzburg";"Kreise";"5,52";"5,01";"4,25";"4,15";"4,51";"5,21";"5,39";"5,64";"4,67";"3,49";"2,83";"3,19";"3,22";"2,87";"2,72";"2,80";"2,65";"2,34";"2,27";"2,10";"1,89";"1,86";"2,35";"2,23";"2,01";"2,41";"16,66";"20,23";"21,78";"23,13";"23,38";"23,74";"23,71";"23,86";"22,90";"25,05";"35,33";"37,01";"37,32";"31,91";"7,84";"8,49";"8,33";"8,85";"10,00";"11,26";"11,37";"12,22";"11,81";"12,04";"12,05";"12,46";"11,27";"10,22";"6,52";"6,99";"6,89";"7,18";"8,11";"7,72";"7,23";"7,76";"8,00";"7,77";"8,21";"9,07";"8,88";"8,42";"8,50";"10,58";"8,37";"9,70";"9,36";"10,35";"11,25";"10,88";"12,73";"14,19";"19,40";"22,50";"22,00";"33,40";"34,21";"34,05";"33,59";"33,80";"32,95";"36,26";"44,16";"47,44";"48,25";"47,85";"50,16";"49,60";"48,89";"46,36";"46,22";"48,57";"47,28";"38,09";"35,39";"30,68";"27,68"
"093";"Oberpfalz";"Regierungsbezirke";"7,74";"7,20";"6,36";"6,27";"6,77";"7,69";"7,63";"8,67";"7,49";"5,72";"4,41";"5,14";"4,48";"3,62";"3,48";"3,70";"3,53";"3,35";"3,21";"2,87";"2,62";"2,68";"3,33";"3,13";"2,91";"3,22";"37,64";"39,76";"40,77";"40,01";"40,07";"41,41";"41,50";"41,14";"41,07";"41,23";"47,48";"50,49";"50,37";"51,41";"4,14";"4,37";"4,34";"4,85";"5,10";"5,25";"5,25";"5,68";"6,12";"5,95";"6,15";"6,09";"5,78";"6,03";"4,71";"4,63";"4,56";"4,77";"4,78";"4,69";"4,89";"5,07";"5,25";"5,39";"5,83";"6,17";"5,79";"5,81";"0,00";"0,00";"0,00";"0,00";"0,00";"0,00";"40,41";"39,13";"39,25";"39,57";"38,39";"38,27";"38,74";"41,38";"41,13";"40,84";"40,39";"39,95";"41,52";"45,60";"46,00";"47,30";"45,81";"46,14";"46,13";"45,28";"43,71";"43,31";"44,01";"44,16";"43,86";"36,99";"33,98";"29,94";"28,64"
"094";"Oberfranken";"Regierungsbezirke";"8,72";"8,19";"7,37";"7,48";"8,59";"9,43";"9,49";"10,12";"9,00";"7,13";"5,39";"5,73";"5,24";"4,42";"4,24";"4,37";"4,32";"4,07";"3,84";"3,55";"3,25";"3,21";"3,91";"3,63";"3,41";"3,74";"38,68";"42,30";"43,86";"42,37";"41,69";"42,24";"42,14";"42,32";"42,39";"41,64";"48,59";"50,95";"52,09";"53,72";"3,99";"4,27";"4,68";"5,15";"5,38";"5,75";"5,71";"5,72";"5,95";"6,27";"6,47";"6,75";"6,32";"6,28";"4,92";"4,75";"4,86";"5,15";"5,44";"5,59";"5,33";"5,22";"5,12";"5,49";"6,16";"6,61";"6,31";"6,21";"0,00";"0,00";"0,00";"0,00";"0,00";"0,00";"40,99";"39,28";"39,90";"39,64";"38,37";"38,01";"38,71";"41,27";"42,80";"43,30";"42,71";"42,05";"42,49";"44,44";"45,58";"47,07";"45,33";"45,47";"46,15";"45,99";"44,65";"44,22";"43,79";"43,79";"44,42";"37,00";"34,14";"30,80";"30,07"
"095";"Mittelfranken";"Regierungsbezirke";"8,47";"7,80";"6,65";"6,37";"7,24";"8,17";"8,44";"9,14";"8,01";"6,50";"5,03";"5,60";"5,34";"4,70";"4,59";"4,80";"4,73";"4,49";"4,27";"3,87";"3,54";"3,42";"4,22";"4,04";"3,65";"3,93";"37,15";"41,50";"43,98";"43,33";"44,18";"45,40";"45,80";"45,31";"45,10";"45,11";"47,27";"49,81";"49,33";"48,34";"5,79";"5,52";"5,86";"6,36";"6,57";"6,63";"6,57";"6,93";"7,30";"7,40";"7,75";"7,65";"7,12";"7,51";"6,26";"5,91";"5,61";"5,79";"5,73";"5,53";"5,43";"5,73";"5,89";"5,89";"6,44";"6,58";"6,30";"6,75";"0,00";"0,00";"0,00";"0,00";"0,00";"0,00";"48,76";"47,30";"48,78";"48,71";"47,35";"47,78";"48,37";"50,98";"50,51";"50,35";"49,74";"48,70";"49,87";"52,47";"51,87";"42,50";"40,73";"41,03";"41,04";"40,04";"38,61";"37,87";"38,22";"37,94";"37,55";"34,27";"31,57";"29,75";"29,68"
"096";"Unterfranken";"Regierungsbezirke";"7,44";"6,92";"5,97";"5,64";"6,21";"6,88";"6,92";"7,65";"6,59";"5,04";"3,88";"4,47";"4,21";"3,52";"3,44";"3,63";"3,50";"3,34";"3,34";"2,99";"2,72";"2,74";"3,41";"3,16";"2,98";"3,25";"35,40";"37,90";"37,87";"37,23";"36,50";"36,59";"37,99";"37,68";"38,22";"37,73";"44,36";"47,11";"48,20";"48,37";"5,07";"5,60";"5,92";"6,11";"6,86";"7,03";"6,68";"7,17";"7,30";"7,51";"7,88";"8,00";"7,28";"6,89";"5,60";"5,56";"5,47";"5,71";"6,04";"6,21";"5,77";"6,04";"6,11";"6,04";"6,41";"7,18";"6,50";"6,59";"0,00";"0,00";"0,00";"0,00";"0,00";"0,00";"37,52";"36,19";"37,17";"37,25";"36,67";"36,05";"36,77";"41,87";"42,04";"41,93";"41,59";"41,72";"42,83";"46,47";"46,96";"46,33";"44,57";"45,32";"45,92";"45,00";"44,05";"42,07";"42,73";"42,92";"43,46";"36,25";"32,97";"29,41";"29,01"
